filename, language, Python, XML, Markdown, C++, C, Shell Script, comment, blank, total
f:\WSN\wsn\.idea\inspectionProfiles\profiles_settings.xml, XML, 0, 6, 0, 0, 0, 0, 0, 0, 6
f:\WSN\wsn\.idea\misc.xml, XML, 0, 10, 0, 0, 0, 0, 0, 0, 10
f:\WSN\wsn\.idea\modules.xml, XML, 0, 8, 0, 0, 0, 0, 0, 0, 8
f:\WSN\wsn\.idea\other.xml, XML, 0, 8, 0, 0, 0, 0, 0, 0, 8
f:\WSN\wsn\.idea\vcs.xml, XML, 0, 6, 0, 0, 0, 0, 0, 0, 6
f:\WSN\wsn\.idea\wsn.iml, XML, 0, 8, 0, 0, 0, 0, 0, 0, 8
f:\WSN\wsn\README.md, Markdown, 0, 0, 20, 0, 0, 0, 0, 12, 32
f:\WSN\wsn\cc\__init__.py, Python, 0, 0, 0, 0, 0, 0, 0, 1, 1
f:\WSN\wsn\cc\custom_types.h, C++, 0, 0, 0, 24, 0, 0, 2, 6, 32
f:\WSN\wsn\cc\ecca.cc, C++, 0, 0, 0, 199, 0, 0, 13, 39, 251
f:\WSN\wsn\cc\ecca.h, C++, 0, 0, 0, 28, 0, 0, 6, 13, 47
f:\WSN\wsn\cc\ecca.i, C, 0, 0, 0, 0, 6, 0, 0, 3, 9
f:\WSN\wsn\cc\ecca.py, Python, 813, 0, 0, 0, 0, 0, 22, 358, 1193
f:\WSN\wsn\cc\ecca_wrap.cpp, C++, 0, 0, 0, 21020, 0, 0, 499, 2325, 23844
f:\WSN\wsn\cc\genetic_algorithm.cc, C++, 0, 0, 0, 109, 0, 0, 9, 30, 148
f:\WSN\wsn\cc\genetic_algorithm.h, C++, 0, 0, 0, 24, 0, 0, 7, 10, 41
f:\WSN\wsn\cc\genetic_algorithm.i, C, 0, 0, 0, 0, 6, 0, 0, 3, 9
f:\WSN\wsn\cc\genetic_algorithm.py, Python, 811, 0, 0, 0, 0, 0, 22, 357, 1190
f:\WSN\wsn\cc\genetic_algorithm_wrap.cpp, C++, 0, 0, 0, 20990, 0, 0, 499, 2322, 23811
f:\WSN\wsn\cc\individual.cc, C++, 0, 0, 0, 72, 0, 0, 26, 17, 115
f:\WSN\wsn\cc\individual.h, C++, 0, 0, 0, 29, 0, 0, 16, 14, 59
f:\WSN\wsn\cc\modified_pso.cc, C++, 0, 0, 0, 121, 0, 0, 12, 28, 161
f:\WSN\wsn\cc\modified_pso.h, C++, 0, 0, 0, 21, 0, 0, 7, 8, 36
f:\WSN\wsn\cc\modified_pso.i, C, 0, 0, 0, 0, 6, 0, 0, 3, 9
f:\WSN\wsn\cc\modified_pso.py, Python, 811, 0, 0, 0, 0, 0, 22, 357, 1190
f:\WSN\wsn\cc\modified_pso_wrap.cpp, C++, 0, 0, 0, 20990, 0, 0, 499, 2322, 23811
f:\WSN\wsn\cc\my_pso.cc, C++, 0, 0, 0, 61, 0, 0, 2, 17, 80
f:\WSN\wsn\cc\my_pso.h, C++, 0, 0, 0, 26, 0, 0, 7, 9, 42
f:\WSN\wsn\cc\my_pso.i, C, 0, 0, 0, 0, 6, 0, 0, 3, 9
f:\WSN\wsn\cc\optimizer.cc, C++, 0, 0, 0, 118, 0, 0, 5, 26, 149
f:\WSN\wsn\cc\optimizer.h, C++, 0, 0, 0, 66, 0, 0, 18, 24, 108
f:\WSN\wsn\cc\optimizer.i, C, 0, 0, 0, 0, 22, 0, 0, 5, 27
f:\WSN\wsn\cc\pso.cc, C++, 0, 0, 0, 73, 0, 0, 2, 23, 98
f:\WSN\wsn\cc\pso.h, C++, 0, 0, 0, 19, 0, 0, 3, 6, 28
f:\WSN\wsn\cc\pso.i, C, 0, 0, 0, 0, 6, 0, 0, 3, 9
f:\WSN\wsn\cc\pso.py, Python, 811, 0, 0, 0, 0, 0, 22, 357, 1190
f:\WSN\wsn\cc\pso_wrap.cpp, C++, 0, 0, 0, 20990, 0, 0, 499, 2322, 23811
f:\WSN\wsn\cc\regions.cc, C++, 0, 0, 0, 70, 0, 0, 16, 20, 106
f:\WSN\wsn\cc\regions.h, C++, 0, 0, 0, 25, 0, 0, 3, 10, 38
f:\WSN\wsn\cc\types.h, C++, 0, 0, 0, 17, 0, 0, 0, 5, 22
f:\WSN\wsn\config.py, Python, 57, 0, 0, 0, 0, 0, 110, 20, 187
f:\WSN\wsn\python\__init__.py, Python, 0, 0, 0, 0, 0, 0, 0, 1, 1
f:\WSN\wsn\python\network\__init__.py, Python, 0, 0, 0, 0, 0, 0, 0, 1, 1
f:\WSN\wsn\python\network\aggregation_model.py, Python, 8, 0, 0, 0, 0, 0, 4, 6, 18
f:\WSN\wsn\python\network\energy_source.py, Python, 19, 0, 0, 0, 0, 0, 0, 7, 26
f:\WSN\wsn\python\network\network.py, Python, 206, 0, 0, 0, 0, 0, 61, 54, 321
f:\WSN\wsn\python\network\node.py, Python, 125, 0, 0, 0, 0, 0, 20, 29, 174
f:\WSN\wsn\python\routing\GMM.py, Python, 9, 0, 0, 0, 0, 0, 6, 3, 18
f:\WSN\wsn\python\routing\SOM.py, Python, 94, 0, 0, 0, 0, 0, 54, 22, 170
f:\WSN\wsn\python\routing\__init__.py, Python, 0, 0, 0, 0, 0, 0, 0, 1, 1
f:\WSN\wsn\python\routing\dbscan.py, Python, 28, 0, 0, 0, 0, 0, 30, 15, 73
f:\WSN\wsn\python\routing\dijkstra.py, Python, 27, 0, 0, 0, 0, 0, 36, 9, 72
f:\WSN\wsn\python\routing\direct_communication.py, Python, 10, 0, 0, 0, 0, 0, 4, 5, 19
f:\WSN\wsn\python\routing\fcm.py, Python, 65, 0, 0, 0, 0, 0, 60, 17, 142
f:\WSN\wsn\python\routing\leach.py, Python, 29, 0, 0, 0, 0, 0, 13, 9, 51
f:\WSN\wsn\python\routing\mte.py, Python, 39, 0, 0, 0, 0, 0, 21, 7, 67
f:\WSN\wsn\python\routing\priodict.py, Python, 59, 0, 0, 0, 0, 0, 2, 7, 68
f:\WSN\wsn\python\routing\routing_protocol.py, Python, 16, 0, 0, 0, 0, 0, 8, 7, 31
f:\WSN\wsn\python\routing\spectral.py, Python, 12, 0, 0, 0, 0, 0, 0, 7, 19
f:\WSN\wsn\python\sleep_scheduling\__init__.py, Python, 0, 0, 0, 0, 0, 0, 0, 1, 1
f:\WSN\wsn\python\sleep_scheduling\sleep_scheduler.py, Python, 63, 0, 0, 0, 0, 0, 24, 17, 104
f:\WSN\wsn\python\utils\__init__.py, Python, 0, 0, 0, 0, 0, 0, 0, 1, 1
f:\WSN\wsn\python\utils\cov_plot.py, Python, 34, 0, 0, 0, 0, 0, 11, 13, 58
f:\WSN\wsn\python\utils\grid.py, Python, 43, 0, 0, 0, 0, 0, 31, 12, 86
f:\WSN\wsn\python\utils\region.py, Python, 9, 0, 0, 0, 0, 0, 6, 4, 19
f:\WSN\wsn\python\utils\regions_converter.py, Python, 81, 0, 0, 0, 0, 0, 22, 20, 123
f:\WSN\wsn\python\utils\test_plot.py, Python, 23, 0, 0, 0, 0, 0, 10, 13, 46
f:\WSN\wsn\python\utils\tracer.py, Python, 28, 0, 0, 0, 0, 0, 8, 11, 47
f:\WSN\wsn\python\utils\utils.py, Python, 197, 0, 0, 0, 0, 0, 19, 40, 256
f:\WSN\wsn\run.py, Python, 74, 0, 0, 0, 0, 0, 2, 23, 99
f:\WSN\wsn\scripts\cat_all.sh, Shell Script, 0, 0, 0, 0, 0, 10, 1, 3, 14
f:\WSN\wsn\scripts\plot_energy_results.py, Python, 57, 0, 0, 0, 0, 0, 94, 18, 169
f:\WSN\wsn\setup.py, Python, 41, 0, 0, 0, 0, 0, 5, 8, 54
Total, -, 4699, 46, 20, 85092, 52, 10, 2900, 11469, 104288